1.00484786132934,1.00713284272202,-2.255687931636e-06,47.1217172579461,0.518379446640312,0.000980515204623673,1
1.00232940957232,1.00302907280607,-3.19717303164509e-37,49.2299563258779,0.468379446640315,-0.000564836318511554,1
1.00168981768572,1.00119300698311,-3.15466835062057e-99,50.2018477402243,0.584541062801934,-0.000276696200339863,1
1.00184296112746,1.00015348475728,-3.71115129216203e-198,50.8102914307475,0.555555555555559,-1.66119156974342e-17,1
0.984716820612542,0.982899781599977,1.09388371717624e-18,60.6483317078275,0.659477124183008,-0.0311865303744988,-1
0.973392461197339,0.972217829431451,1.01175930302652,66.0382643945066,0.758169934640522,0.0281681383930599,1
0.976058407291917,0.975443978442729,3.84008423734432e-06,65.5776458661557,0.722455648926235,8.79769746801836e-05,1
0.973787132407822,0.974014805068868,6.19937165052677e-19,67.1800839523697,0.706822368587073,0.00251000613766717,1
0.96438263229308,0.965909992695827,5.86258899613787e-18,71.2782920516357,0.57610341433871,-0.000602653037049818,-1
0.965147097800159,0.96774117809373,9.6843841176764e-52,71.7909155337531,0.667373255608552,0.000367042016727806,1
0.973367519340783,0.976523100264436,0,66.6654455422489,0.440488476092192,0.00380888397191016,1
0.963829662605436,0.968227335261867,1.19707285186463e-78,70.8164963192389,0.474101921470339,0.00285129010962477,-1
0.956531192022263,0.962314372637327,1.24670089433486e-48,73.8495212039877,0.499191527205106,0.005363147962245,1
0.959971563706004,0.966737184491094,3.40356900385231e-189,73.0826738368119,0.561244808556631,0.000185964733713389,-1
0.960728662863101,0.968233201067997,0,73.6715198188185,0.630027877339703,0.00151818070092921,1
0.975657740192624,0.983425562090815,-1.39288887251798e-51,63.029678486933,0.493827160493825,0.0054301041491095,-1
0.973086701148417,0.980713983628448,-4.92089979741073e-44,64.9326304568917,0.568783068783068,0.000912895595049384,1
0.982525416236923,0.990028908826023,-0.237849872962072,59.2406764671487,0.376190476190476,0.00450715547063518,1
0.982456398341225,0.989239797427822,-0.00283422964326648,60.1096936065209,0.519465329991644,0.00187585021967328,-1
0.981671554252199,0.987666114641145,-1.94933491049398e-21,61.4378184832651,0.465789473684209,-0.000291546596395704,1
0.997603738762874,1.00230040465843,-1.51141744150109e-08,51.9224294335802,0.411027568922302,0.0139863632506409,-1
0.989571672656572,0.992677889095297,-1.24722833034326e-97,56.9208698418548,0.351086048454468,0.0214750060380668,-1
1.01501071116073,1.01513560838294,-2.12496631088056e-13,45.3402144183188,0.364682539682537,0.00889993594417511,-1
1.02541495355566,1.02230945478341,-3.21595231177732e-23,41.8252568800513,0.486111111111111,0.0182552363497052,-1
1.05566534914361,1.04795229432517,-2.83331325885273e-17,33.2102667859178,0.472715736040609,0.0492935924129856,1
1.08264316328832,1.06926536064773,-5.6122594016249e-22,27.7602725067885,0.496386492686828,-0.0936343003360347,-1
1.05379468492806,1.03826560807842,-4.26337610435009e-194,38.1269998302923,0.462620258920593,-0.0439887796638357,1
1.05368609921934,1.03657289153476,-2.03441746157889e-291,37.6487778508109,0.377250201892329,-0.00392164597367806,-1
1.03228446146245,1.01525018931637,0,44.629449372994,0.457872374539043,-0.012673206100921,-1
1.03746424574058,1.02008068838513,0,42.7870196930949,0.394668911335579,-0.0166810639298384,1
1.04561166451937,1.02805791852129,0,40.0286247768369,0.468580542264752,0.000236938932998662,-1
1.04221901112019,1.02506433026228,0,40.1626355931483,0.415355989040199,-8.39757265049288e-05,-1
1.04680073884148,1.029487119118,0,38.2223210135575,0.490103463787675,-0.00346345405682997,-1
1.05586282865915,1.0385527123444,-1.53166127518076e-75,35.0924163779971,0.487179487179489,-1.21415409625364e-16,-1
1.09298368424342,1.07404725603891,-2.03955682977918e-13,27.4845440962243,0.306944444444444,-0.0532710075776629,-1
1.09661303509347,1.07677063571265,-4.98863996941504e-31,26.0323225998211,0.39483830845771,0.00178764818901655,-1
1.11179200347903,1.09059755540092,-4.62023293566555e-35,23.2405129283217,0.233727197346601,-0.0145080447782688,-1
1.11203777319239,1.08953907579824,-3.93425373880599e-67,22.3353926300329,0.44666579383783,0.0019309618706663,1
1.14833683288637,1.12279162699709,-2.64875187661653e-34,18.2733894521764,0.320831550420768,-0.0307562610963075,-1
1.09637495106828,1.07241639786217,0,30.9111136345915,0.458133137722355,0.00335228728239146,1
1.09611578815103,1.0730411601032,0,29.9050411450867,0.31747714992678,-0.000813854760723434,1
1.08357838228646,1.0627099572966,0,30.9934748404246,0.40042456167938,6.09065565485409e-05,1
1.05346279507105,1.03602500646757,1.76286135248099e-31,37.6019772213713,0.582011863266682,-0.00487671030166636,-1
1.03124007819604,1.01863491783056,0.0260496085664633,41.813190667139,0.769024126365899,-0.00342735293251299,-1
1.06661449566446,1.05509729493833,0,35.0070566941257,0.672555105712998,-0.0135900391652048,-1
1.07974733153222,1.06872323992681,-0.880489334252967,32.3565985209917,0.376359248839175,-0.00571281534597623,-1
1.08071756996488,1.06910963952368,-3.27116913754132e-08,31.4339186088958,0.339263830596217,0.00107624998519267,1
1.08862943415904,1.07501396092962,-4.70021977058259e-13,29.8066347819073,0.296930725105218,-0.00402344127685203,1
1.07255767418483,1.05969966807136,0,32.2841103052886,0.466880335732795,-0.000385829746615029,-1
1.03949630000444,1.02935334286066,0.784032905327523,39.5102213041885,0.527794917268603,-0.0050163794195525,1
1.03923118949157,1.0324013609305,5.75837291960116e-05,38.439317555804,0.530887063217891,-0.00110039389184879,-1
0.992680834736516,0.991362032625371,0.000104729182159225,48.5720903550114,0.640381172711999,-0.0098115656764607,1
0.998203923735838,1.00104511093585,9.21062165780977e-28,46.5841764252137,0.413814756671899,-0.00100983977965574,1
0.992105353880097,0.999228269998016,1.11232761392382e-50,47.0331248728145,0.568009768009769,-1.7176661067786e-05,-1
0.985765369275203,0.996908256100256,1.57312403406218e-74,47.6959132560734,0.510317460317462,-0.000275937204387178,-1
1.00036784025223,1.01423402428576,0,43.584550210123,0.444603174603174,-0.0039691426404113,-1
1.00499170988112,1.01928799762384,0,42.147289934212,0.274830917874394,-0.00138369733827472,-1
1.02050932078589,1.03421192880014,-1.79823151892872e-213,38.6404566928109,0.0784023464458223,-0.002277648507733,-1
1.03085454545455,1.04255652274419,-4.1979418409897e-37,36.4400021596866,0.0879382114247271,-0.00233063198343978,-1
1.04775228847793,1.05657668608601,-0.0177132020161151,33.3400352971016,0.174773960217001,-0.00301311175057668,-1
1.0559253580644,1.05983956452197,-0.0875130029477054,31.9690951100149,0.250454232325843,-0.000291833467296209,-1
1.0959790959791,1.09527751518263,-0.000157474054128702,26.6123838900705,0.282080446857642,-0.00593925241448678,1
1.10475682509581,1.09912348399089,-4.95894598555039e-17,25.2457203877501,0.217811040464947,-0.00144913877761559,1
1.09224368032658,1.08324244585487,-2.51374837543885e-80,27.2572310230426,0.331497192892021,-0.000411180848456519,1
1.08084931827949,1.07068165812098,0,28.7708963443301,0.440877749040233,-1.10074671580807e-05,1
1.05009159606137,1.04158266663674,4.62867257040471e-122,35.9476759930438,0.570343233864301,0.000163561438806254,1
1.0265619154508,1.01900741380845,1.38664944318036e-07,41.4885261072287,0.651349042728788,-0.00241410086130289,-1
1.02029719563517,1.01304251371484,1.31805158681091,42.7115769447039,0.706447432710898,-0.000146643449787439,1
1.02460950668614,1.01708750257187,6.1094201005914e-08,41.5219754198224,0.70343084145901,-4.42493277973718e-05,1
1.00157434188848,0.994706020100427,2.54141380897332e-09,47.786439069273,0.670267321331148,-0.00158456713617161,1
0.989852765618783,0.984466411048791,4.60559610310249e-19,50.8255636405033,0.636292962356788,-0.000222918693817852,1
0.977397798742138,0.975092050919936,3.46970285474061e-30,53.8169526750273,0.700133883340567,-0.000556353073618907,-1
0.974733616050747,0.975043388648075,3.83252800771821e-59,54.4901768213753,0.698971227835395,-0.00024490034037266,1
0.995927535702546,0.999395014337055,0,47.838475197106,0.511690526081012,-0.00358160446890517,1
0.980542644038482,0.987267418285368,1.6744856673422e-197,51.3460320435816,0.567507724755355,-0.000677822726423246,-1
0.96933423719138,0.97971589725547,1.22855078678333e-125,53.8057651845313,0.61122357174989,-0.000962410564630292,1
0.980837434858135,0.994351039163099,0,49.8940630686623,0.676489348131142,-0.00142425330548107,-1
0.953314100759921,0.969821362177068,6.62888044240976e-65,56.6777074491231,0.640164561806353,-0.00190041481898074,1
0.95449262090099,0.973715422177549,8.70961154849412e-145,56.3354686537457,0.549255470897262,0.000131645569504125,1
0.945262974573319,0.966430041747214,6.64429296771744e-100,58.9179125356738,0.729603729603731,-0.000979556214657562,-1
0.945110508757298,0.967621701074785,2.74586853721993e-164,59.4522392657075,0.730519480519483,-0.000169783624670315,1
0.955246102644947,0.977790054687973,0,56.6738698237004,0.599206349206353,-0.000572027919870492,-1
0.955313798763664,0.977186371885746,0,57.4889106919369,0.526161081716638,-3.78343366372721e-05,1
0.967859532950583,0.986895193711432,0,54.4551202133177,0.600991013689428,0.00179577206922084,-1
0.954476400925319,0.970508986750853,2.58914134931779e-115,59.8485834455897,0.796758209456622,-0.00343370144085842,-1
0.965891715318321,0.979023829186415,0,57.4532126946363,0.786470143613002,0,-1
0.986379535738261,0.995824781261111,-2.79247040782379e-24,51.8051909148146,0.594378306878307,-0.00157490319350986,1
1.00315333070556,1.00900737807144,-0.446392152163748,47.5873312823793,0.431644144144148,-0.000496971595925838,1
0.998309909268814,1.00171806253243,-3.42111276937956e-05,49.7886135987389,0.592137971304641,-0.00149541065398955,-1
0.998100883887686,0.999431088035491,-8.48060096334364e-28,50.5343859945489,0.69352686019353,-0.000221408637334333,-1
1.02105015048773,1.01896247293709,-1.8609429843419e-09,44.1750940025061,0.687063875469673,-0.00175014344195445,-1
1.02973012506399,1.02494424919382,-5.39377286043331e-20,41.9635082642013,0.654021028701337,0.00248281552747874,-1
1.04409963250306,1.03657890813395,-3.68039597856673e-24,38.3230697478279,0.567215473145781,-0.0014069815381341,1
1.04601341281669,1.03655451159993,-3.3450658473139e-50,37.4715225581567,0.553565321477427,-0.000279058838823134,1
1.03987012987013,1.0292452314436,-2.07141609806938e-151,39.0909897229152,0.474501437859464,-0.000296688655540693,1
1.02547375154764,1.01364672007733,0,44.392524648038,0.440936623044649,0.00187636211591514,-1
1.02042325522986,1.00828248841009,0,46.0292543141191,0.5699920350458,-0.000622605549874887,-1
1.03460629795736,1.02167768662698,-9.66096804671029e-213,41.4864347718715,0.499592359655256,-0.000732243175250951,1
1.04215361137889,1.02762464980859,-4.03032175912646e-91,39.1848342785958,0.447740507803406,-0.00190544779123754,-1
1.03734370654058,1.02307907749349,0,40.0378100714971,0.227987421383652,0.000446048061379169,1
1.04461213376593,1.03012209814851,-1.74564767545856e-91,37.331217494535,0.121428571428573,-0.00218223525001087,-1
1.03850048114304,1.02493295702493,0,38.4514168622555,0.290476190476194,-0.000131040280404697,1
1.04650744841101,1.03345888013617,-1.56307545317711e-75,35.2819373122752,0.282142857142862,-0.00180364774560119,-1
1.03812152327405,1.02597421043923,0,37.4628245246132,0.518557422969194,-0.000586250375457719,-1
1.0465266411133,1.03488778958264,-2.64798785344041e-77,34.1915534973575,0.360115864527631,-0.00129263300729784,1
1.0498402729415,1.0383472306469,-1.91146813886287e-68,32.4052042194696,0.457067084039826,-0.000424795508920809,1
1.02659611398763,1.01779274867976,7.12122727612586e-94,40.8265016852381,0.475240206947522,-0.00284334560223693,1
1.02092930222898,1.01455958780976,3.55737803607222e-21,41.5559296710063,0.734078590785908,-0.000279046177651918,-1
1.00377927959237,0.999946233235602,1.24569919019609,47.6381593675691,0.73212737127371,0.00117443828067712,-1
1.01518475442993,1.01241192881104,2.24231262628371e-20,43.0853206019889,0.474532163742689,-0.00230431286928499,1
1.01363780569022,1.01237817935633,1.84113438854924e-44,42.6859243490668,0.292768878718535,-5.04612991986435e-05,-1
1.00748863916473,1.00814737273744,1.1612311775003e-28,44.1721307435192,0.20307190902157,0.000428091592313697,1
1.01217585948044,1.01349056597602,0,41.8355642590765,0.25131752305666,-0.000585367944143217,-1
0.96207701327517,0.966193036301294,0.000482288369827939,59.8479936433932,0.396969696969701,-0.0117512263496302,1
0.966368595162614,0.972206753208501,1.40272679329805e-23,58.6070032703305,0.468115942028987,-0.000387216317382275,1
0.964443398957731,0.97170223995937,1.334714678383e-48,59.6213987226139,0.607004830917874,-0.00021402971993841,-1
0.958170333417077,0.967108538882575,4.02357047548739e-61,61.9636868003191,0.615338164251207,-0.000943641520291156,1
0.963268690072814,0.974057487458965,1.91062013557087e-186,60.0003233512867,0.617592592592592,-0.000439478399391654,-1
0.95640438994745,0.969250541805866,6.0123866283533e-141,62.4466975069203,0.655532971996389,-0.000805100556323681,-1
0.968335441894091,0.981942221498325,0,57.4053974467006,0.432493756310113,-0.00130617351170001,-1
0.990284806619631,1.00315607388204,-2.55543905616009e-72,49.16237733272,0.465402074464334,-0.00124959552093584,1
0.997860305883229,1.00954281150518,-7.14921457929868e-15,46.7524632602949,0.306688748200634,-0.000427670332666477,-1
0.985123633428719,0.995732900604093,-2.59637161192206e-52,51.7093806379726,0.541091600250543,-0.00186065217836352,-1
0.988273352203802,0.997960765336913,-5.97098196718819e-07,50.9792638053296,0.521146245059288,-9.26877213746032e-05,-1
0.991859437159275,0.999984226304035,-1.12899155334141,50.2156967165107,0.61969696969697,7.60836035442337e-05,-1
1.00020408163265,1.0066328540301,-0.000985900214369939,47.4597772564236,0.444871794871797,-0.000260231785450233,-1
1.00219013326404,1.0063730454627,-4.4760807298467e-18,47.3044523053106,0.420403709765413,-3.76349836859086e-05,-1
1.00840853158327,1.00987429544953,-3.33806892092283e-24,45.5389201698185,0.271685761047464,-0.000601055387018149,1
1.02824987643055,1.02689444770694,-2.41863370581374e-11,38.8644605706524,0.349829839191542,0.0012253746367395,1
1.01043494493187,1.00754449721088,0,46.7351628640211,0.529236195902862,-0.00263037540613487,1
1.00738659621181,1.00384083120795,0,48.0448581544882,0.721856583645201,-0.000260534466112502,1
1.00433606344736,0.999772481940082,7.59945987580873e-197,49.7094610607371,0.692812341835002,-4.81822876733532e-05,1
1.003885003885,0.998321531596438,2.61790785048199e-60,50.3940977072843,0.659302641658636,-0.000107585536623582,1
1.00414063366483,0.997746742956225,5.09880728196725e-19,50.7550833642485,0.54040020263425,2.23897999165811e-05,1
0.996228901988065,0.989235862486965,1.31637455735563,54.9880990417029,0.629761904761909,-0.00113968614804266,-1
0.976591088469542,0.972247534193023,0.00650595097576888,62.3870405474766,0.622435897435901,-0.00261538657251591,1
0.981209238640868,0.978725813586571,2.73378998998418e-26,60.0926324785326,0.722926093514328,0.00040080066447735,1
0.970046985121379,0.970003716409357,1.53484983035939e-23,64.099711504121,0.779176093514329,-0.00440670718936379,-1
0.960390113372298,0.963343298706806,9.79550707523061e-30,67.2940612632123,0.795073529411768,-0.00220007724711232,1
0.987721839913075,0.991836379206194,0,53.9906692826567,0.688630952380958,-0.00570375324202937,1
0.979311087963795,0.985168236239082,0,56.6805910689966,0.599047619047621,-0.00169231774091242,-1
0.975556111866104,0.982723676754359,0,58.063655405075,0.604081632653062,-0.00124949806205049,-1
0.978472669962032,0.985770350479981,0,57.3466541199596,0.620836482741242,-0.000119014994588486,1
0.987224367534015,0.99385277303627,-9.89973005845387e-29,53.9394336531365,0.424540186444945,-0.00435642592104912,1
0.962127062127063,0.969788335544933,9.40721242452638e-07,62.8274350102424,0.480531813865142,-0.0153547212903476,1
0.958890246030362,0.967613271038592,6.68675778744449e-19,64.3907802310304,0.637246351532064,-0.00578334754610413,1
0.953265532032656,0.963035784048255,1.67175657037522e-26,66.7031474506703,0.861078879712421,-5.83629463176428,1
0.943024167433617,0.953814751175701,4.85717833523904e-24,70.2329586107101,0.641349534983076,-0.0175643194647083,1
0.937375611401586,0.949247369667396,1.0373365737257e-35,72.4879714077214,0.509088938436763,0.00298918607788511,-1
0.927312556009161,0.940284281086581,2.62031533128084e-35,75.6142570723588,0.556552706552706,-0.0702644690494344,1
0.944909696297044,0.957302014904546,0,68.7324516672716,0.512614900822448,0.0300403865490036,-1
0.945752662959738,0.957858012763673,0,69.6416359735122,0.455533093740642,0.00317980224822888,-1
0.960064330455392,0.971231822047913,-5.41754974347172e-203,64.3307529996702,0.308815922023471,-0.00044195034732071,1
0.965362313926283,0.975282701937342,-4.11666846047943e-49,63.6101913469629,0.298269658531668,-0.00100792903068253,-1
0.964361612413561,0.973052841310827,-1.54325594199642e-33,65.0842885899103,0.395095055357063,-0.000430762252946842,-1
0.968684619018695,0.97594603067347,-0.000674820432303688,64.8821133361457,0.3939727209014,-5.51714451124697e-06,-1
0.98127640725092,0.986841820626334,-0.275325394320168,59.6903598497239,0.663524130190801,0.00370888100475969,-1
0.998200505242759,1.00202993766545,-5.02193610579005e-05,52.5494660295419,0.598444765111438,-0.00233691092741008,-1
1.00255031228314,1.00425882004173,-7.21408495093664e-18,51.4184564577981,0.46825396825397,-0.00120458107978474,-1
1.01223449749289,1.01195013708944,-2.31112633426468e-26,47.7589107415864,0.301975801975801,-0.000756331818837918,1
1.02157121583483,1.01940560501944,-2.16216196232889e-35,44.2220715559223,0.185573685573685,-0.00324095874004221,-1
1.01246825604854,1.00792021429787,-1.19770557130869e-164,48.8145257944063,0.318391222646541,6.66849091540809e-05,1
1.01932573531259,1.01249051587922,-1.49522847019419e-129,46.5228109280211,0.312073868503102,-0.000327871457602817,-1
1.01856297163762,1.00987682657969,-1.02933155234232e-249,47.2342165836059,0.615777572206803,-0.000363704353645801,1
1.04310717300884,1.03112390849639,-1.30987372374253e-44,38.7650029087371,0.472264847968173,-0.008929879095913,-1
1.03342634491825,1.01896656915209,-7.72104427283826e-228,43.2556014182922,0.575163398692812,-0.00100580554575047,1
1.03745229179406,1.02154164135479,-5.67381635084347e-201,41.6757583175695,0.3640522875817,-0.000166543562746165,-1
1.03394962835579,1.01729902060161,0,42.8006669659083,0.602947845804987,-0.00035410442834448,1
1.03444958002355,1.01747337408496,0,42.072435821279,0.554011675592222,8.88283495235299e-05,1
1.00264835714232,0.988234531413826,3.36813250117238e-26,54.9497478648704,0.674784622452127,-0.00526529103092339,1
0.971131158917418,0.961091779139536,0.855096816592134,64.2709244998301,0.711153015963379,-0.0163292375681452,-1
0.966117754807783,0.960613656339538,0.000146062797840018,65.4483971307943,0.812470138557096,-0.00257704274703219,1
0.972554712894982,0.97019345484989,3.45861417717756e-34,62.3828493748125,0.701798201798202,-0.00200103411711742,1
0.971292498102385,0.972052127944512,2.2462221907225e-77,62.6964612768074,0.430735930735928,0.00129468872728829,-1
0.95935935765014,0.963086534248836,1.50491356861922e-49,66.3246109249522,0.47077922077922,-0.00576631055812835,1
0.965401406581061,0.971428712499684,3.95672296776069e-240,63.5510890313838,0.420274170274165,-0.00284085401346454,-1
0.95714258518555,0.965791446607687,8.86100183673692e-123,66.1902485318545,0.660832462556597,-0.0026542689349295,1
0.961095314797955,0.971935386378032,0,64.4505985338283,0.430312982037113,-0.00117170150161313,1
0.950035502137917,0.962828085750881,2.36650740706626e-104,68.1560314372309,0.604503870513721,-0.00521677405949382,1
0.945030194222295,0.959174015286565,1.30631191360846e-91,70.2331010363642,0.572020112392783,-0.00470743766603213,-1
0.943470070479716,0.958721533521982,1.40420260946091e-127,71.4536611197457,0.810115350488022,-0.013838370897102,-1
0.949918540241121,0.965450928046297,0,69.4812724901709,0.71227621483376,0.000900791031559219,1
0.956653917818966,0.971568187115532,0,67.4754231746442,0.620177103099303,0.00103929267773694,1
0.951403957638371,0.966133839533778,0,70.1558574835692,0.558773594327375,0.0125713421069263,1
0.951385081750459,0.965638204426679,0,71.3302414942926,0.578381437464631,3.84607415844875e-17,-1
0.951814969482814,0.965514855582994,0,72.4023036817297,0.75341130604289,0.00205571518893062,-1
0.964390970625384,0.975956940721285,-1.37352387765857e-40,66.7794281080753,0.679398148148154,-0.000514331049287162,-1
0.9707409691344,0.980138241775698,-0.00027026953642593,65.3535468881009,0.592096560846565,0.000378218227764793,-1
0.976549549842364,0.983298041933719,-0.475420681955917,64.3668218602095,0.402281746031746,0.000124017679175001,1
0.984902888852619,0.988722028596796,-4.52051510346248e-06,61.3731030812419,0.31042568542568,0.000632543282932283,1
0.987101397348621,0.987873029690663,-1.12367560042497e-24,62.3168399842327,0.552899686520371,0.00113588905549294,1
0.987783481707713,0.986791907339702,-6.87966410098943e-62,63.4391400597346,0.504822763443447,-0.00108122532763236,-1
0.985857147480501,0.984553584193548,-1.04675440191077e-183,65.1934333117392,0.648762157382842,0.0028161035939482,1
0.990616883116883,0.988887913979487,-8.769563894584e-72,62.548952971858,0.646367521367516,-0.00265850732494552,-1
0.965554223708283,0.964489557908013,8.63567694194921e-11,73.2111479401792,0.892676767676764,0.0202979761055334,-1
0.975731087094724,0.974584069462653,2.55497287219399e-22,67.6466917199992,0.880772005772006,-0.00119509686629712,-1
0.99046453192449,0.988878173780847,-0.000484725868734129,59.2674054492109,0.72799422799423,0,1
0.996005950648427,0.993438530971548,-2.43756803210413e-10,57.0638923850321,0.504761904761902,0.000335819073364625,-1
0.982582391338959,0.980211133361011,0,62.9911050121395,0.57435897435897,0.00326633900139012,1
0.996646134993067,0.993421391056742,-1.17688751972973e-17,56.1600212971056,0.565587044534408,0.000172579251564055,1
0.993864439447479,0.990554318128725,-8.67863179086517e-75,57.6705462788087,0.742182789215265,0.000634164502799701,-1
0.98266510182072,0.980196485657488,3.7675438427111e-126,62.2542838591907,0.723379370411846,0.00168183287267095,-1
0.989989462592203,0.988001060932859,-5.83619191937689e-100,58.64482136224,0.728086259586001,2.41457525450283e-05,-1
0.994901394901395,0.992927544957439,-1.12832068898414e-29,56.4198838985939,0.626093689508325,-3.52600962075311e-05,1
1.00695931477516,1.00418140459421,-9.98479870651691e-13,50.720958519144,0.337204800619435,0.00200947394706172,1
0.994682554936255,0.992258290845104,0,55.9484703037396,0.402673350041772,0.000885064987174564,1
0.99265058316025,0.99078670280274,0,56.9057359201886,0.56140350877193,0.000351793801221281,1
0.982026659927981,0.981385473046794,2.19403326375673e-29,61.1876858727062,0.751879699248122,0.000363745358171769,-1
0.980224832320434,0.980390262377237,1.07962671409058e-05,62.2882418853582,0.654393716249388,-0.000283715183598831,-1
1.01936117936118,1.01805829364528,-0.0889203370425481,45.1358573069367,0.388627950483622,0.010219539923391,1
1.01970298003475,1.01700279107117,-3.11416436224277e-13,44.898095001283,0.41342953778521,-5.82099947083907e-05,-1
1.01045828055474,1.0068362179208,-8.03347441279748e-108,48.6826398068173,0.56432682682683,0.00159849450695782,-1
1.01231535107698,1.00781533396813,-4.78911717301807e-127,47.9998790976774,0.583715780998394,0.000131784319159266,1
1.02239026795989,1.01663454437324,-1.37206826984575e-48,44.1337372583223,0.453709321050073,0.00111160308974126,1
1.01744852194978,1.01107560040208,-3.89687013879396e-201,46.0694478995898,0.434854102194851,0.000411012820284637,1
1.00225660863959,0.996071967308593,1.01634851454446e-169,52.4300135379647,0.596382428940568,0.00194958791619976,-1
0.998553426771249,0.993896679605214,1.46921270454205e-52,53.5281518204622,0.775478927203063,0.000191684610743612,-1
1.00859687327331,1.0044444964596,-7.81152087311497e-175,48.824667618086,0.569995521719657,0.00117885799555046,-1
1.02464462809917,1.01955314069874,-2.6524284317071e-10,42.6987216557734,0.429202980927116,0.00158013119583924,-1
1.0326105087573,1.02615380692895,-5.75690109639018e-17,39.8356475973114,0.245916245916244,0.00149916425606273,-1
1.03116549260508,1.02434488141137,-8.52631366447812e-48,39.6068441210759,0.480440055440057,-0.000143153807036066,1
1.03357826123439,1.02580772724373,-3.57848312607022e-68,38.2962922236704,0.38151967757231,0.000647244422013602,1
1.02940957117051,1.02128890452104,-1.01366574960253e-240,39.4727548650125,0.59831093691676,0.00056243368926478,-1
1.0200805652732,1.01280918745386,0,43.1680287523799,0.524035574597919,0.000443025661780038,-1
1.02364764171432,1.01666881677713,0,41.0379123971487,0.621324250833965,0.000468584236268455,1
1.03901756477526,1.031340291656,-7.19316149286285e-29,35.1801693448474,0.363681795465906,0.00298481606622924,1
1.03685448559142,1.02835550197448,-8.57424118561577e-87,35.1801693448474,0.270321498870019,0,-1
1.02743215647485,1.01939890629618,0,39.0447316963313,0.324975178523696,-7.52566748002099e-05,1
1.03297904947506,1.02519391213241,-1.68811306844175e-192,36.2036747413661,0.321782330503262,0.00165363891801929,-1
1.02834012312794,1.02174758854706,0,36.8781722046588,0.264417989417985,-0.000212841447985446,-1
1.04043613919708,1.03451828885983,-7.56786563766366e-29,31.8078889452392,0.108994708994705,0.00691714379384634,1
1.0410012240035,1.03410197614463,-1.46017921211105e-60,30.9354312272843,0.112361712361705,0.00150939830165337,-1
1.03386155485834,1.02656890443327,0,33.8657309418955,0.0759980759980687,-0.00679541192157603,-1
1.04053646152254,1.03298651367443,-3.02615979283337e-97,30.9221878474983,0.184343434343425,-0.0118568534308027,1
1.04620818208766,1.03820262268973,-1.66785362940065e-50,28.4704356762891,0.22264309764309,-0.00751494434595149,-1
1.03576875481352,1.02767612735664,0,33.1834711932718,0.4265743015743,-0.00202543937211288,-1
1.0335546869444,1.02575857701337,0,32.9374535628942,0.552521271271272,0.000247687321311516,1
1.04838427638694,1.04083675646754,-7.28797778686825e-21,27.6409086641087,0.529373123123126,-0.0223261859245954,1
1.03305357521176,1.02704639084514,0,34.0638429627435,0.512825963718823,-0.00199895233706528,-1
1.02890812837868,1.02410883430862,7.74275149488399e-50,34.2964645600064,0.549665394613133,-0.000211873483135169,-1
1.0375772180933,1.03276086032068,-3.27866273281938e-48,30.7872984844907,0.770705583738428,0.0194916299241827,-1
1.05847299130881,1.05225641412109,-3.21320581732655e-05,25.2276635166029,0.614129620019606,0.0749508322824673,1
1.05469953775039,1.04766381032164,-2.23881414957682e-31,25.1461593535789,0.358983451536644,-0.000503490750753263,1
1.04989002932551,1.04235997537564,-3.62962547571998e-165,25.6634325138063,0.0823877068557923,0.00070262585342292,-1
1.02488963858881,1.01859271031339,2.73960780065102e-12,37.9086738620925,0.160811479465613,0.000887872358511109,1
1.02267337405677,1.01791476320822,0.343357861437013,37.5318014696505,0.240984159083253,-7.48420702861507e-05,1
1.01035808357656,1.00755421313754,0.0202670837789828,42.4601261163003,0.520053926525112,-0.00138294119209241,-1
0.998414990666056,0.997298495354559,4.27244002023002e-08,47.4800996346636,0.659798322083459,-0.00159083369164941,-1
1.00409836065574,1.00424744272875,5.51302011658669e-45,44.5355819165091,0.586126824498915,-0.00237018823823916,1
1.00996386533577,1.01135205519293,1.82368051966061e-254,41.4741118200036,0.33646882176294,-0.001694151947876,1
1.00490388387603,1.00739908970202,1.29507887336121e-130,43.0793810456931,0.345068330362448,-0.000396400519917531,-1
0.998473607610664,1.0024236312705,9.88006759395505e-79,45.4943807788917,0.483957219251336,0,1
1.00574671488417,1.01005141645551,0,41.9780042057791,0.503565062388591,-0.00186301505047647,1
1.00112387612388,1.00586623273586,9.68112125975163e-209,43.888703892049,0.473262032085561,-0.000487240005075037,1
0.997224693115104,1.00281420294862,2.5570027845839e-125,45.3948718818549,0.493262032085562,-5.4074498491455e-05,1
0.988028069680513,0.99445150323508,8.32154358820192e-46,50.1314463007996,0.474545454545455,0.00256301698678647,1
0.974795758734573,0.982249358671778,6.56711947486654e-26,56.6464435434344,0.431784511784513,-0.000999429716819179,-1
0.973438584316447,0.982243900138264,2.6942997490853e-53,57.4553263854437,0.509485661209795,-0.000204289448505874,-1
0.978606548802176,0.988366510473319,8.34531526846744e-197,54.6027739834813,0.593765964240097,-0.000273571825515026,-1
0.982993911400378,0.992572278369348,0,52.6537530317863,0.512284482758615,-9.92396775425213e-05,-1
0.995958020138987,1.00518818818936,-1.53777537274211e-210,45.9770240316042,0.347916666666664,-0.000787573453761467,-1
0.996240201468449,1.00504891544196,-1.13213459688222e-134,45.7930992619466,0.308602150537634,-3.13580294325681e-05,-1
1.00452399685287,1.0120802336982,-5.46482979060265e-12,41.9939202215826,0.489554531490015,0.00142618938731485,-1
1.00754291038091,1.01273440935405,-0.426389620221794,41.1191988044646,0.556221198156685,5.48864180707218e-18,1
1.01973684210526,1.02211659326523,-0.0206279913156149,36.3852709827204,0.695238095238096,0.000816560028341927,1
1.0175311765769,1.01743633252437,-7.01210234177794e-24,38.2337434840302,0.692063492063488,-0.000436403340247716,-1
0.994194664031621,0.993977283896724,4.49818185737201e-10,51.4680103379869,0.695464852607704,-0.000167679187856327,1
1.00393630664007,1.00300836287209,3.16635539703396e-31,47.1843712839737,0.581808069139602,-0.000958440698388997,1
1.0005324624614,0.999532725292242,0.658667640801171,48.9018701024533,0.592125529457066,-0.000551158844606256,1
0.979034329549794,0.979549862361047,0.076877559858794,58.3105788616456,0.647165727354407,-0.00326987299841464,1
0.973292439175684,0.975114276705803,9.00298716890413e-10,60.8534744726738,0.867049617049617,-0.00245374415400179,-1
0.963479799870665,0.966584260880502,8.00922872085157e-17,64.8623320224487,0.765479201649415,-0.00336474907648327,-1
0.99359918630752,0.996420940906536,0,51.3146101825681,0.686204309874523,-0.0169707334015294,1
1.0037554028201,1.00589649440977,-1.94135053568346e-36,47.7776555646938,0.481076104746319,-0.00253235446215474,1
0.998661547673559,1.0000457129657,-1.64159833203057e-54,49.9222058711408,0.557514245014242,-0.00238387210000855,-1
0.990092792855648,0.991361358734883,1.98137788382348e-74,53.3599408931731,0.60733308559395,-0.00152048342663931,1
1.00088124361098,1.00157437021361,-1.19892324924543e-10,49.4145461810121,0.583615136876001,-0.0037868249946981,-1
0.997944266788488,0.998622153162096,-7.70597622206773e-05,50.580507927285,0.372425223558433,0.000909305113516268,-1
0.998926547707036,1.00015254861229,-0.535613777083406,49.9604395410374,0.360681095622398,5.12059041906525e-05,-1
1.00421432871764,1.00577822227624,-0.00133180513137506,47.4544567502824,0.502347762289064,0.00256098330990736,-1
1.01521723544594,1.01635160798932,-1.02409693745624e-05,42.9584511557172,0.528352490421452,-0.00461543524717201,-1
1.01563622002011,1.01624700743544,-9.62503353080812e-22,42.4002366747385,0.597318007662833,0.000666428328350028,-1
1.02629571786583,1.02535264413569,-7.55710401572208e-20,38.4947376149516,0.436056746401575,-0.00793736750126481,1
1.04354904354904,1.04030652358007,-2.12186145276099e-17,33.2612485451217,0.365881307805084,-0.0136713369300252,1
1.03750601099704,1.03224532465471,-7.33714824641976e-72,35.5331188325626,0.306806194199098,-0.000373907427567941,1
1.02941465476905,1.02274383662199,0,38.9897209000381,0.534053850018183,-0.00199573654787388,-1
1.02780371671957,1.01945477191736,0,39.6051382467599,0.686100633643913,-6.826059489079e-05,-1
1.03653541383227,1.02626439805197,-2.29699851234336e-198,36.5602772770982,0.531061873953988,-0.00323803925578242,-1
1.04758396876725,1.03605628200556,-7.17712894326452e-57,32.7838376221429,0.443863358184042,0.00138979787744381,1
1.04618574432239,1.03339865204656,-5.81924854590235e-133,32.5574834013829,0.397547568710357,-3.92220442534608e-05,1
1.04210090278714,1.02867176812843,0,33.5457323531448,0.425454545454554,0.000274290781395961,1
1.01933855602279,1.00783259279539,6.45134076097655e-31,44.1262382972729,0.377652582159634,0.000147918596656041,1
1.01297472945292,1.00377215789866,0.000174486675265396,45.8665817592598,0.377652582159634,0.000148136684320663,-1
1.00007547948372,0.994334787916917,0.444671895897496,50.4806515503747,0.59802295253,-0.00284058003312886,-1
1.02136032733659,1.01623286722071,0,41.6178501393027,0.461100963977681,-0.0129180717103049,-1
1.02782715189817,1.02265897915504,-3.10773607537177e-12,38.9513330212383,0.342803091637254,-0.00212381334907489,1
1.03786071728355,1.03249727953549,-1.18219409846259,35.3506174239886,0.133543832377989,-0.00192139661022748,1
1.02997841315209,1.0255115708141,-6.83436061924547e-20,37.3621466645024,0.272813238770684,-7.17125427349201e-18,-1
1.02488691536904,1.02115370995069,0,38.39428441504,0.441975308641977,-6.39257100453483e-05,1
1.02667959226021,1.02377015349258,-8.34905173338572e-75,36.8259084044919,0.530864197530868,0,-1
1.02259412046557,1.02073315052396,0,37.2857237498184,0.576318742985418,-4.06380688611442e-05,1
1.02993937346531,1.02849623314359,-2.28109092425291e-16,33.9584606283196,0.398989898989908,-0.00197759603435585,1
1.01361768354281,1.01300861276614,2.46105759787894e-08,41.3929788659609,0.463615749330042,-0.000943730368207956,-1
1.00432963830982,1.00495814943781,0.971938690345678,45.0281059061134,0.289956075670358,0.000974153175888769,1
1.02247836409589,1.02287006300055,-1.24667420281579e-17,38.2201631193184,0.338381506448726,-0.00200977525201115,1
1.010625,1.01066621154172,3.57470625122203e-05,43.2272904372417,0.366348248701184,-0.00110219679555536,1
0.999306752604362,0.99985041507287,8.26211889220724e-06,47.7847606004511,0.619553376906314,-0.00238453890567143,1
0.990322101274288,0.992101212998791,1.28138274015181e-11,51.1927569341171,0.757592592592589,-0.000509851435304504,-1
0.978796445880453,0.982340212630833,2.17893106065846e-16,55.5110978095327,0.759202898550724,-0.00159798694736084,-1
0.983459339848792,0.987988273215588,1.32436989597959e-63,53.5747981956847,0.558445322793151,-0.000496091659801407,-1
0.985106854168974,0.989858105215321,8.07311364320321e-130,53.2113695352597,0.670297174645002,0.000219368576749468,1
0.998765432098765,1.00298627767512,0,47.4873019564647,0.514189514189514,-0.00345060684852932,1
0.964917027417028,0.970292449740369,1.07142502987724e-18,60.095112175115,0.686153052006709,-0.0107016649268414,-1
0.94446793516561,0.952705841520281,4.22106262806132e-18,65.9622881261492,0.648336287874157,-0.010096242658509,1
0.95262933787524,0.963266056119181,2.43256140778243e-79,62.9710572096041,0.791193430731299,0.00297224515586718,1
0.940437062937063,0.954026832962811,5.58282212408858e-62,66.4318630999976,0.861654135338345,-0.0180273825770063,1
0.942491789532527,0.957741765461786,6.44365388228542e-136,66.6087516276062,0.762770562770561,0.000397329097118695,1
0.945290399189746,0.961433463236554,3.64463118751365e-295,66.7032293102163,0.68848484848485,4.11561596146981e-05,1
0.938697648724234,0.955195319322342,1.32531890856869e-158,69.492020278789,0.655964523281597,0.0289232638960077,1
0.927955309539172,0.945257773266784,4.87526958722568e-81,73.0564116807061,0.736966854283932,0.00912785328629039,-1
0.927613805214103,0.945705903234777,1.6752431555041e-129,74.164592234089,0.854413662794569,0.00286909731224436,-1
0.942307035810604,0.960194652265658,0,68.3145410252872,0.704138289073089,0.0003575955019351,1
0.949921216688361,0.966931654298732,0,66.5598345327634,0.589465924400723,0.000143280463053159,-1
0.951694944184618,0.967124360275161,0,67.4599419387344,0.387574671445636,-0.000544501820399945,1
0.961620359240307,0.975544484444966,-6.73984650895658e-42,64.1538798872485,0.293447293447291,0.00184928524924261,-1
0.954834000950506,0.967656366801641,-1.95140626423912e-315,67.4793333306862,0.369936826458565,0.00290033379270838,1
0.966528770214367,0.976992626221836,-0.000141998981297834,63.5857869079943,0.452922937569678,-0.000114601039278738,-1
0.939030831187695,0.948691850284493,0.0653403195593487,72.2175544102866,0.691086324570274,0.027181979083093,1
0.960391050191494,0.968803888325527,-3.07608044652243e-61,63.9669331851639,0.538520715482923,0.00319764132458756,1
0.963384770211339,0.970481165249844,-4.79719270317228e-11,64.3326276820457,0.593918442755652,0.00034929389463381,1
0.952910874087772,0.959577866547567,3.27071337134062e-05,68.082675647301,0.625015297429091,0.00743513421694477,1
0.945246083189473,0.951607027102482,5.73625227071591e-06,70.9858637653333,0.819609892023686,0.00393401644468901,-1
0.945108132608133,0.951003409310431,1.47765341704031e-20,72.2039600969595,0.862607435021229,0.000962960552419358,1
0.976083557861824,0.979282036024082,-6.49000183696212e-05,60.1967511653056,0.591789257612043,0.00376918983634942,-1
0.966483011937558,0.968789567178975,-0.665515807815452,63.5876710896863,0.522797009550027,0.000761824338251114,-1
0.980424684804247,0.981998764758121,-0.0551539397293275,59.1360196065934,0.356230442983457,0.00148063757758632,-1
0.987848784878488,0.98794865617734,-1.82169270902562e-08,57.3785969577979,0.48577528542892,-0.000116442912951404,1
1.00652985074627,1.00477227651948,-4.13625116034847e-10,51.4279703023116,0.307424538321854,0.0035443721412633,-1
1.00356274483318,1.00026541287009,-1.19555417446508e-38,52.7746250453781,0.485772116669436,0.000917696633476563,-1
1.04131912805776,1.03443065200792,-8.11465784953814e-15,42.428892979385,0.304921052839649,0.0125989871905258,-1
1.05071155480034,1.04062730149203,-4.71287021886094e-30,40.1784834105234,0.458011174445511,-0.000225350535067384,1
1.09796494355318,1.08291097289137,-2.08900560880666e-20,31.7961186470853,0.200753280823981,0.0303862288934056,-1
1.04836875399815,1.03288199804764,0,43.4440197015018,0.522154770631731,0.0876637215803725,1
1.10358752817431,1.08304074909704,-7.7880871648087e-42,35.2993058266145,0.383411011198317,0.0303371263634671,-1
1.05777906095492,1.0366209879862,0,43.4849150269055,0.627325105761762,0.028613408286971,1
1.05880115900036,1.03649624560818,0,42.9528967858802,0.519768821011058,-0.000522194444433743,1
1.04007341149638,1.01794825470972,0,46.1831193697905,0.765168554782889,0.00402744224960564,-1
1.03781048430206,1.01623889711832,0,46.1831193697905,0.681646256974876,0,-1
1.03980860649766,1.01833373841968,0,45.4505379731759,0.602783091155188,0.000169579663142652,-1
1.05928513316009,1.03824890653163,-3.75319099782283e-83,41.3532632407411,0.524971185348544,-0.0026331689564607,-1
1.08122497608974,1.05882271054068,-7.95203417675367e-23,37.4652067180168,0.405513699693875,0.00552193953643298,1
1.07878934606274,1.05601699348974,-4.68224824464246e-58,37.0417535795548,0.357461751641928,0.000437389279533999,1
1.04164602999083,1.02208056436623,3.16207773911838e-140,44.2193517761445,0.475648334451153,0.0119331451717406,-1
1.02894090885476,1.0132927891978,6.07660256998267e-21,45.8368937229464,0.723646125116716,0.00148479926433574,1
1.03659294231619,1.02434021080582,2.88471373759498e-52,43.3547074307452,0.668523469994059,0.0021309466371305,1
1.0052409796056,0.997063160038627,1.28295525751466,49.4315563346404,0.649803663230772,0.00808301655628508,1
0.979287266749584,0.976745265790453,0.000601477021811943,54.0387283960339,0.655806064191155,0.00325698865204214,1
0.962997053298854,0.965820408642377,1.83915023956309e-12,56.838052327157,0.862461661257712,0.00134100508665712,-1
0.94874934788952,0.956920725125495,3.51190674414841e-24,59.3665722593454,0.813588875428405,0.00134589176268086,-1
0.96213487102368,0.973906241671527,1.16357019573482e-132,55.6649289081318,0.493860984271943,0.00254958136093577,-1
0.975748859972557,0.990394184736072,0,51.9945227262261,0.389106753812637,0.000421517680059287,1
0.986364972563343,1.00149564009935,0,49.5079223523449,0.415032679738562,-0.00147153905641342,1
0.968616811451974,0.984276413552662,3.02703028257793e-250,53.5501047199289,0.748366013071895,0.00254789606949834,-1
0.963772200157492,0.978301820302595,3.34822278683144e-119,55.2810968326335,0.737871674491393,-0.000372134702473034,1
0.982310508904358,0.996874238425181,0,50.8303142073207,0.577740955537145,0.00101431902319063,1
0.979852836470081,0.991946357380527,0,52.1274370768195,0.557538935335125,0.000871239072990848,1
0.975968041370919,0.987543582508696,0,53.4499162265191,0.632532757919754,0.000160011126107571,1
0.961698113207547,0.973220238781675,1.86929246660139e-27,57.3417677670053,0.738328922539448,0.00105079929466616,1
0.947000572602648,0.959784735486818,7.62620886585293e-19,61.0750183888334,0.740012424222948,0.00275224825905514,1
0.945427728613569,0.95945218816722,2.1776059129647e-42,62.0245707949018,0.757955007955009,0.000295436336748428,-1
0.945574822090809,0.960442630543401,3.56900785166455e-83,62.7029136715419,0.820896761037607,0.000252618365235579,-1
0.957527461419233,0.971617839607175,0,59.7648421444437,0.535321712304667,0.000645539239327433,-1
0.997394102626884,1.00780655002735,-5.28882033578345e-12,49.1001261948776,0.321740950558766,0.00523992968789942,1
1.0363672640209,1.04090174527611,-1.28857281292072,41.5917921314546,0.18138772006469,0.00101393443481151,1
1.03698396575492,1.0370063409641,-1.34645155418045e-07,41.5917921314546,0.420263896011803,0,1
1.02245926243568,1.01946727910049,-7.09873388746643e-64,45.5383780737256,0.713725747132462,0.00137759825897066,-1
1.01524595389029,1.00934888609274,0,47.8358425420722,0.723722369895043,-6.56526327855213e-05,-1
1.01940436420499,1.01167156672626,-5.96459498847905e-289,47.0003195602047,0.482738210811792,0.00036732045918613,-1
1.02391498481872,1.01523550352755,-1.32985749371944e-175,45.7570967782412,0.294271262851173,0.000247213404693289,-1
1.0445049125242,1.03445087476467,-1.88141569068785e-33,40.7559610034677,0.143619238142868,0.00278488965457609,1
1.05599822110218,1.04490548635288,-1.2441439854012e-34,37.8889957129227,0.12055249584754,0.00252448342408297,1
1.02068235631772,1.01040910291368,0,46.9341080848435,0.328025455532889,0.00843135607266115,1
0.999157273780681,0.989997179806181,2.84228731064005e-24,52.0412255372371,0.565982444780201,0.00251018641939457,-1
0.983519707323808,0.97564723708005,0.191536012317034,55.7902075869169,0.866679308891699,0.0019015359364901,1
0.987324675324675,0.980993045386089,0.00197832548366378,54.8664315788365,0.601858678955456,0.000263634043029595,1
0.963251670378619,0.960070494195765,1.93908924026428e-06,60.2945585185919,0.671858678955457,0.00226346430816998,-1
0.963232323232323,0.961943003807838,2.0671453911382e-25,60.7367631294747,0.633763440860218,0.000111787164632712,1
0.966465470731049,0.966858769523493,4.99120128047742e-76,60.2549711734805,0.628780487804879,0.000112844018676899,1
0.960549200615426,0.962934468798336,1.58580428956227e-81,62.0385725903146,0.637286234931313,0.000739395291447852,-1
0.958662532919959,0.963589184655799,1.3443161397702e-132,62.7745416521813,0.544230679375759,1.43132471536619e-05,1
0.968950064020487,0.976427802332785,0,58.8175586047931,0.571473583383747,0.000462638285035795,-1
0.957558004061117,0.967997803058067,1.41765933701217e-266,61.7706581451031,0.532967836257311,0.000952586863800465,-1
0.963777100157491,0.976856370612045,0,59.2739205586692,0.446313246885328,0.000265812189618104,1
0.967085798816568,0.982002242461593,0,58.0113423958576,0.597240209682391,-0.000187608203710161,1
0.96477105368858,0.97979078492017,0,59.2574797926551,0.621599184041363,0.000558033584506686,-1
0.967267377712394,0.980737380077067,-2.22061533770552e-266,59.580440883503,0.673531551191128,-1.80462569164307e-05,-1
0.983944254179241,0.995148821373712,-0.019750712463098,53.766614840452,0.505404725992963,0.000848243239964421,1
0.994051078669356,1.00306033080742,-0.10152845077649,50.6831052511886,0.367851307189546,-2.00922994556547e-05,-1
0.972610508757298,0.980788308828688,5.13123596839978e-143,58.3923485218965,0.495629084967319,0.00206415219626183,-1
0.984702473212481,0.991498370743854,-2.26272519152656e-23,54.6300590361777,0.595138888888889,4.90995730303671e-05,-1
0.999658621513672,1.0040983044735,-1.08863602593904e-09,50.1217711706923,0.433771929824559,0.000992619068761774,1
1.02619888768407,1.02607892983465,-1.67442840601689e-08,43.1151798847774,0.261308161708616,0.00119476066287739,1
1.02799622522806,1.02288137592071,-2.49327598519184e-31,43.3815424043837,0.309641495041952,1.94435109795648e-05,-1
1.00988589247164,1.00256268225774,0,49.9443258170836,0.601416013304825,0.00202802712225508,1
1.02128138528139,1.01199414284927,-7.90766387500014e-141,46.7987262152779,0.715546448087434,-0.000167941530484759,1
1.00110244233379,0.992061262875041,7.36097697636226e-170,53.053477635044,0.832551279005309,0.00144100465215618,-1
0.989356004819923,0.980920111957309,2.87980962205316e-13,56.6463224677771,0.839194373401538,0.000868710437538515,1
1.02432338653713,1.01525629693648,-1.23152159853645e-07,46.4397808288856,0.698493890309749,0.001991772198159,1
1.0199598726996,1.01100707511593,-2.40278997186866e-42,47.2920686842215,0.515173269918191,-2.50255075324767e-05,-1
0.995996756866322,0.988543916665579,6.31804333654404e-20,53.5593283964345,0.430205949656753,0.000487519958726721,1
1.00086628618019,0.994648407630336,9.9411409131288e-28,51.9746940843041,0.467335004177114,0.000111699249302267,-1
0.993574488338887,0.989100282128741,0.677914200289821,53.7561373799257,0.536860670194004,0.000123169296208604,-1
1.0178743317731,1.01313732138442,-0.868090049420109,46.797677267023,0.335915043716463,0.00182690428416744,-1
1.03621014248238,1.03090821009312,-0.0010609642578214,42.1496871810133,0.286708694510109,0.00162830586226849,-1
1.04311627772076,1.03681256922603,-4.99180763349661e-13,40.2024730184937,0.21968929415738,0.000117643137573712,-1
1.05229202337274,1.04456343243229,-6.83484058174846e-23,37.848697717859,0.293650793650795,0.000585991738125615,-1
1.05723275952846,1.04832522792473,-1.17723453400923e-39,36.2488128050347,0.388632872503843,7.8406861240158e-05,-1
1.06638335650982,1.05612638528194,-1.46985089649214e-46,33.8974471970919,0.245775729646698,0.00125410961224218,1
1.06952336295469,1.05746588341981,-1.43971092536643e-73,32.6844732016762,0.150537634408602,0.000398381099708489,-1
1.0422303602049,1.03006490584358,0,40.3870451578475,0.214285714285717,0.000728707846229918,1
1.03945173009968,1.02832714124352,0,40.1267979356407,0.317733990147783,4.22157717134765e-05,-1
1.00725216026373,0.998714169517275,1.80858424895754e-13,48.8776437783446,0.643659916073707,0.0054112729736373,-1
1.01713581363387,1.00955971343578,3.61683827331238e-06,45.9458205682667,0.491389705663959,0.000706933775164455,1
1.01851794977402,1.01082232838162,1.30835970541228,45.3597993771593,0.431419690671456,0.000193045928021193,-1
0.999290579892908,0.992710474919222,0.0083142087440689,50.7695336023104,0.327715986967754,0.000825700796602468,-1
0.999658426429343,0.994804819253714,1.20933251271581e-17,50.3224090637539,0.329803047194352,9.70952502860994e-05,-1
1.00119560232369,0.997409117520379,5.26205484458376e-54,49.6165342296522,0.492673992673997,-8.16909262286872e-05,1
1.00693210841511,1.00476151998859,0,47.23793847313,0.2990231990232,0.000886360920606976,-1
0.992954813793745,0.993696330454867,4.46681204426476e-52,51.0302016805266,0.415100815100814,0.00013145322154884,1
0.999469844923048,1.00099292184412,0,48.6454876469171,0.470656370656371,-0.000415252289332881,-1
0.989199038191288,0.992108953136322,7.48224662251547e-67,51.8349131427521,0.523566423566428,-0.000653313865152503,-1
0.993783082880386,0.998823584404328,0,49.5799793772022,0.366374749133376,0.000698098414057231,1
0.993171148100725,0.999996301835509,0,49.1734433377098,0.124077830365868,0.000136873541228697,-1
0.97506993006993,0.984685355354207,1.14906919150107e-30,55.0012990607394,0.27099141061278,0.00209590782301017,1
0.992059252928818,1.00254521393128,0,48.5919712378842,0.283356440219189,0.00215086598912613,-1
0.973858834212272,0.984879364326229,2.97795897174689e-34,54.6468299851564,0.516622160300324,0.00201917952328711,1
0.984877893845285,0.995659174827757,0,51.1437951208917,0.430449320794151,0.00029011820010501,1
0.984396463668064,0.994327459876566,0,51.7604941429185,0.684569469651141,0.000156605114507571,1
0.978241888729787,0.987264224519088,3.01155686955003e-62,54.4829745586813,0.754276551594041,0.000523799570055774,-1
0.980606758832565,0.988134129764475,6.02655425831495e-125,54.608375167617,0.786657503974993,1.03853862241966e-06,1
0.99163791282304,0.996881786068886,0,51.2623323175736,0.548465871046518,0.000463927405935998,-1
